Effective Rank - Scaled,Effective Rank - PCA,Locality Score - Scaled,Locality Score - PCA,Frobenius Norm - Scaled,Frobenius Norm - PCA
81.0,17.0,-0.022341125907134662,0.0025806884095571324,28287.0,28262.0
711.0,661.0,0.006380253507492226,0.005944493568319647,2007.0,1979.0
731.0,725.0,0.3017641901259698,0.2602450097738546,101.0,117.0
764.0,764.0,0.3040268949549965,0.032013154168421425,63.0,116.0
