model,kernel,representation,best_gamma,best_lambda,best_degree,best_coef0,cv_rmse_mean_at_best,cv_rmse_std_at_best,cv_mae_mean_at_best,cv_mae_std_at_best
kernel_ridge_regression,linear,scaled,N/A,1.0,N/A,N/A,38.89064264175457,0.24495022413558504,35.24458268054697,0.325100330342941
kernel_ridge_regression,rbf,scaled,0.1,0.01,N/A,N/A,14.614490965634385,0.6711858125722957,7.971333749447176,0.18141039217086424
kernel_ridge_regression,laplacian,scaled,0.1,0.01,N/A,N/A,13.080249101215937,0.34705461067023446,7.214345149092237,0.08675838694473861
kernel_ridge_regression,polynomial,scaled,0.01,0.1,3,1.0,14.77156953788862,0.4236785132378814,9.693773470495563,0.19656034985061754
kernel_ridge_regression,linear,pca,N/A,1.0,N/A,N/A,40.68731255857256,0.3847812342155837,35.15109123652638,0.47959385771611796
kernel_ridge_regression,rbf,pca,0.1,0.01,N/A,N/A,14.95446942985636,0.7171114797364629,8.363032669592732,0.14827749353917521
kernel_ridge_regression,laplacian,pca,0.1,0.01,N/A,N/A,12.837610106927048,0.22351239039232232,7.366714593201694,0.0814089725634862
kernel_ridge_regression,polynomial,pca,0.01,0.1,3,1.0,16.1886924255493,0.8125005193112386,10.868581013805528,0.23126681464894885
